video_id,num_preds,flips,stability
video06,10401,50,0.9951923076923077
video10,8280,6,0.9992752747916415
video15,9814,2,0.9997961887292367
video23,7751,16,0.9979354838709678
video27,10072,10,0.9990070499453877
video35,10304,72,0.9930117441521887
video36,11686,28,0.9976037655113393
video53,16160,66,0.9959155888359428
video54,15252,196,0.9871483837125434
video55,4900,30,0.9938763012859767
video60,12430,52,0.9958162362217394
video63,16944,38,0.9977571858584666
