video_id,num_preds,flips,stability
video06,10401,306,0.9705769230769231
video10,8280,27,0.9967387365623868
video15,9814,70,0.9928666055232854
video23,7751,91,0.9882580645161291
video27,10072,88,0.9912620395194122
video35,10304,272,0.9735999223527128
video36,11686,276,0.976379974326059
video53,16160,318,0.9803205643913608
video54,15252,280,0.9816405481607764
video55,4900,90,0.9816289038579302
video60,12430,212,0.9829431169040148
video63,16944,76,0.9955143717169332
