video_id,num_preds,flips,stability
video06,10401,540,0.948076923076923
video10,8280,20,0.9975842493054716
video15,9814,14,0.9985733211046571
video23,7751,147,0.9810322580645161
video27,10072,316,0.9686227782742528
video35,10304,36,0.9965058720760943
video36,11686,62,0.9946940522036799
video53,16160,828,0.9487592053963736
video54,15252,410,0.9731165169497082
video55,4900,122,0.9750969585629721
video60,12430,126,0.9898624185372918
video63,16944,142,0.9916189576816384
