video_id,num_preds,flips,stability
video06,10401,220,0.9788461538461538
video10,8280,31,0.9962555864234811
video15,9814,18,0.9981656985631305
video23,7751,64,0.991741935483871
video27,10072,196,0.9805381789295998
video35,10304,194,0.9811705328545084
video36,11686,116,0.9900727428326915
video53,16160,322,0.9800730243208119
video54,15252,166,0.9891154678381745
video55,4900,80,0.9836701367626046
video60,12430,72,0.9942070963070239
video63,16944,82,0.9951602431682701
