video_id,num_preds,flips,stability
video06,10401,258,0.9751923076923077
video10,8280,21,0.9974634617707453
video15,9814,32,0.9967390196677877
video23,7751,76,0.9901935483870967
video27,10072,60,0.9940422996723265
video35,10304,278,0.9730175676987285
video36,11686,252,0.9784338896020539
video53,16160,544,0.9663345504053469
video54,15252,514,0.9662972919808537
video55,4900,64,0.9869361094100837
video60,12430,242,0.9805294070319415
video63,16944,146,0.9913828719825296
