epoch,train_loss,val_threshold,val_pr_auc,val_roc_auc,val_precision,val_recall,val_f1
1,1.0043817675748774,0.85,0.035297118684692534,0.7137939484991127,0.04375081624657176,0.1725025746652935,0.06979893738931138
2,0.6508467790086535,0.9,0.029415418508526758,0.6957776352892974,0.03690795352993744,0.21266735324407826,0.0628997867803838
3,0.4265198828919088,0.6,0.028928548261049354,0.6936458355384174,0.03587470449172577,0.3125643666323378,0.06436220973385644
4,0.32410745736325836,0.85,0.028991120054796517,0.6907595201236711,0.04088463837417812,0.17610710607621008,0.06636266614921897
5,0.26842243650990283,0.4,0.024485806356836542,0.6704249884961082,0.028956027520191444,0.24922760041194644,0.05188401136302728
6,0.2263610463425214,0.4,0.02866541159182761,0.6957364532803084,0.03633114949374628,0.21987641606591143,0.06235852500912742
7,0.19710221200493874,0.45,0.02767789415666697,0.6987610657105797,0.035722017752760335,0.16992790937178168,0.059033989266547404
8,0.17662704951030306,0.35,0.025501599565369345,0.6441742428194415,0.03137055098624354,0.22193614830072092,0.05497098399336777
