video_id,num_preds,flips,stability
video06,10401,184,0.9823076923076923
video10,8280,33,0.9960140113540282
video15,9814,8,0.9991847549169469
video23,7751,86,0.9889032258064516
video27,10072,80,0.992056399563102
video35,10304,98,0.9904882073182568
video36,11686,114,0.9902439024390244
video53,16160,585,0.9637972646822204
video54,15252,312,0.9795423250934365
video55,4900,78,0.9840783833435395
video60,12430,140,0.988736020596991
video63,16944,82,0.9951602431682701
