video_id,num_preds,flips,stability
video06,10408,96,0.9907754396079562
video10,8287,50,0.9939657253198165
video15,9821,8,0.9991853360488798
video23,7758,50,0.9935542091014568
video27,10079,14,0.9986108354832308
video35,10311,52,0.9949563530552862
video36,11693,44,0.9962367430721861
video53,16167,30,0.998144253371273
video54,15259,0,1.0
video55,4907,40,0.9918467183041174
video60,12437,6,0.999517529752332
video63,16951,14,0.9991740412979351
