{
  "exp_name": "horizon_w0p5s_l2p0s_s0p2s_effb0_baseline",
  "run_name": "w0p5s_l2p0s_s0p2s",
  "backbone_name": "effb0",
  "model_type": "embedding_only",
  "use_physics": false,
  "epochs": 6,
  "best_threshold": 0.95,
  "params_trainable": 925570,
  "latency_per_clip_sec": 7.894111885910943e-06,
  "clip_metrics_test": {
    "threshold": 0.95,
    "pr_auc": 0.006218192521606906,
    "roc_auc": 0.6427169854454011,
    "precision": 0.0109204368174727,
    "recall": 0.030303030303030304,
    "f1": 0.016055045871559634,
    "tp": 14,
    "fp": 1268,
    "tn": 132348,
    "fn": 448
  },
  "event_metrics_test": {
    "threshold": 0.95,
    "total_events": 213,
    "detected_events": 8,
    "missed_events": 205,
    "event_detection_rate": 0.03755868544600939,
    "missed_detection_rate": 0.9624413145539906,
    "mean_lead_time_sec": 0.355,
    "median_lead_time_sec": 0.36,
    "false_alarms_per_min": 0.4376307267573087,
    "clip_prediction_stability": 0.9963305987012059
  }
}