{
  "feature_names": [
    "gray_mean",
    "gray_std",
    "lap_var",
    "diff_energy",
    "bright_ratio",
    "edge_ratio"
  ],
  "mean": [
    66.40523529052734,
    52.22606658935547,
    583.2722778320312,
    7.984884738922119,
    0.016890892758965492,
    0.06632640212774277
  ],
  "std": [
    18.161258697509766,
    8.964500427246094,
    413.61102294921875,
    5.4660820960998535,
    0.03143082186579704,
    0.03408999741077423
  ]
}