video_id,num_preds,flips,stability
video06,10401,494,0.9525
video10,8280,22,0.9973426742360189
video15,9814,98,0.9900132477325996
video23,7751,356,0.9540645161290322
video27,10072,160,0.984112799126204
video35,10304,120,0.9883529069203145
video36,11686,218,0.9813436029097133
video53,16160,424,0.9737607525218145
video54,15252,544,0.9643302078552226
video55,4900,144,0.9706062461726883
video60,12430,178,0.9856786547590313
video63,16944,60,0.9964587145133683
