video_id,num_preds,flips,stability
video06,10401,94,0.9909615384615384
video10,8280,17,0.997946611909651
video15,9814,5,0.9994904718230918
video23,7751,63,0.9918709677419355
video27,10072,50,0.9950352497269387
video35,10304,74,0.9928176259341939
video36,11686,78,0.9933247753530167
video53,16160,298,0.9815582647441055
video54,15252,180,0.9881974952462134
video55,4900,46,0.9906103286384976
video60,12430,38,0.9969426341620404
video63,16944,64,0.9962226288142596
