{
  "exp_name": "temp_w2p0s_l2p0s_s0p2s_fusion_gru",
  "run_name": "w2p0s_l2p0s_s0p2s",
  "backbone_name": "convnext_tiny",
  "model_type": "fusion_gru",
  "use_physics": true,
  "epochs": 8,
  "best_threshold": 0.9,
  "params_trainable": 435410,
  "latency_per_clip_sec": 2.3983152849333627e-05,
  "clip_metrics_test": {
    "threshold": 0.9,
    "pr_auc": 0.023791915227635508,
    "roc_auc": 0.6309111843805485,
    "precision": 0.0344180225281602,
    "recall": 0.08679642293529721,
    "f1": 0.04929051530993279,
    "tp": 165,
    "fp": 4629,
    "tn": 127464,
    "fn": 1736
  },
  "event_metrics_test": {
    "threshold": 0.9,
    "total_events": 213,
    "detected_events": 29,
    "missed_events": 184,
    "event_detection_rate": 0.13615023474178403,
    "missed_detection_rate": 0.863849765258216,
    "mean_lead_time_sec": 1.3572413793103448,
    "median_lead_time_sec": 1.64,
    "false_alarms_per_min": 1.0690382429743213,
    "clip_prediction_stability": 0.9929148827129569
  }
}