video_id,num_preds,flips,stability
video06,10396,414,0.9601731601731601
video10,8275,243,0.9706308919506889
video15,9809,102,0.9896003262642741
video23,7746,184,0.9762427372498386
video27,10067,206,0.979535068547586
video35,10299,260,0.9747523791027384
video36,11681,376,0.9678082191780822
video53,16155,506,0.9686764887953448
video54,15247,396,0.974025974025974
video55,4895,152,0.9689415610952187
video60,12425,168,0.9864777849323889
video63,16939,96,0.9943322706340773
