epoch,train_loss,val_threshold,val_pr_auc,val_roc_auc,val_precision,val_recall,val_f1
1,0.9280456020670014,0.8,0.04187897654361677,0.6956083525967751,0.04886415612135996,0.22357865364492502,0.0802001876759462
2,0.508006909337975,0.85,0.04691761554498012,0.6961967749934943,0.053438252392976685,0.317404952912452,0.0914756735022115
3,0.34677721559483243,0.5,0.034635344087897285,0.6415270130822545,0.042103327817613535,0.23962329961632367,0.07162218515429525
4,0.2710286161214058,0.1,0.03726501873152459,0.6624219787482527,0.042817359016012996,0.2574119288454831,0.07342187733174153
5,0.22352656963350176,0.05,0.04417231780675843,0.6736565515273795,0.04270354634527009,0.34356470177886295,0.0759649866964871
6,0.19176275417822633,0.05,0.04325361685909411,0.6668601262760042,0.051585345818958434,0.3285664457621207,0.0891707686482393
