video_id,num_preds,flips,stability
video06,10401,338,0.9675
video10,8280,74,0.9910617224302452
video15,9814,70,0.9928666055232854
video23,7751,84,0.9891612903225806
video27,10072,50,0.9950352497269387
video35,10304,216,0.9790352324565661
video36,11686,322,0.9724433033804022
video53,16160,394,0.9756173030509314
video54,15252,332,0.9782309356763491
video55,4900,76,0.9844866299244743
video60,12430,118,0.9905060745031781
video63,16944,94,0.9944519860709438
