{
  "exp_name": "backbone_w2p0s_l2p0s_s0p2s_effb0_baseline",
  "run_name": "w2p0s_l2p0s_s0p2s",
  "backbone_name": "effb0",
  "model_type": "embedding_only",
  "use_physics": false,
  "epochs": 6,
  "best_threshold": 0.85,
  "params_trainable": 925570,
  "latency_per_clip_sec": 7.743237628823235e-06,
  "clip_metrics_test": {
    "threshold": 0.85,
    "pr_auc": 0.02362389871369499,
    "roc_auc": 0.637628673162393,
    "precision": 0.027838490739675602,
    "recall": 0.12730142030510258,
    "f1": 0.04568623749292052,
    "tp": 242,
    "fp": 8451,
    "tn": 123642,
    "fn": 1659
  },
  "event_metrics_test": {
    "threshold": 0.85,
    "total_events": 213,
    "detected_events": 38,
    "missed_events": 175,
    "event_detection_rate": 0.1784037558685446,
    "missed_detection_rate": 0.8215962441314554,
    "mean_lead_time_sec": 1.516842105263158,
    "median_lead_time_sec": 1.84,
    "false_alarms_per_min": 2.325321473516446,
    "clip_prediction_stability": 0.9841996944221579
  }
}