video_id,num_preds,flips,stability
video06,10401,214,0.979423076923077
video10,8280,22,0.9973426742360189
video15,9814,8,0.9991847549169469
video23,7751,84,0.9891612903225806
video27,10072,108,0.9892761394101877
video35,10304,214,0.9792293506745609
video36,11686,166,0.9857937526743689
video53,16160,276,0.9829197351321245
video54,15252,242,0.9841321880532424
video55,4900,64,0.9869361094100837
video60,12430,164,0.9868050526993322
video63,16944,92,0.9945700289204982
