video_id,num_preds,flips,stability
video06,10406,98,0.9905814512253724
video10,8285,104,0.987445678416224
video15,9819,22,0.9977592177632919
video23,7756,46,0.9940683430045132
video27,10077,6,0.9994045256053989
video35,10309,60,0.9941792782305006
video36,11691,56,0.9952095808383233
video53,16165,16,0.9990101460034645
video54,15257,108,0.9929208180388044
video55,4905,62,0.9873572593800979
video60,12435,20,0.9983915071577931
video63,16949,26,0.9984658956809063
