video_id,num_preds,flips,stability
video06,10401,374,0.9640384615384615
video10,8280,244,0.9705278415267544
video15,9814,92,0.9906246815448895
video23,7751,68,0.991225806451613
video27,10072,186,0.9815311289842121
video35,10304,238,0.9768999320586237
video36,11686,138,0.9881899871630295
video53,16160,376,0.9767312333684015
video54,15252,486,0.9681332371647761
video55,4900,72,0.9853031230863442
video60,12430,128,0.9897015045458203
video63,16944,114,0.9932715575753999
