{
  "exp_name": "horizon_w2p0s_l2p0s_s0p2s_effb0_baseline",
  "run_name": "w2p0s_l2p0s_s0p2s",
  "backbone_name": "effb0",
  "model_type": "embedding_only",
  "use_physics": false,
  "epochs": 6,
  "best_threshold": 0.85,
  "params_trainable": 925570,
  "latency_per_clip_sec": 7.440336048603058e-06,
  "clip_metrics_test": {
    "threshold": 0.85,
    "pr_auc": 0.025238162672943393,
    "roc_auc": 0.650301112713325,
    "precision": 0.02885768110977907,
    "recall": 0.17727511835875856,
    "f1": 0.0496354665291995,
    "tp": 337,
    "fp": 11341,
    "tn": 120752,
    "fn": 1564
  },
  "event_metrics_test": {
    "threshold": 0.85,
    "total_events": 213,
    "detected_events": 48,
    "missed_events": 165,
    "event_detection_rate": 0.22535211267605634,
    "missed_detection_rate": 0.7746478873239436,
    "mean_lead_time_sec": 1.5274999999999999,
    "median_lead_time_sec": 1.76,
    "false_alarms_per_min": 2.7172295870304537,
    "clip_prediction_stability": 0.9813482079173604
  }
}